<?xml version="1.0" encoding="utf-8" ?>
<!-- Copyright 2019 ACSONE SA/NV
     License AGPL-3.0 or later (http://www.gnu.org/licenses/agpl). -->
<odoo>
    <record id="credit_control_analysis_info_access" model="ir.model.access">
        <field name="name">credit.control.analysis access</field>
        <field name="model_id" ref="model_credit_control_analysis" />
        <field
            name="group_id"
            ref="account_credit_control.group_account_credit_control_info"
        />
        <field name="perm_read" eval="1" />
        <field name="perm_create" eval="0" />
        <field name="perm_write" eval="0" />
        <field name="perm_unlink" eval="0" />
    </record>
</odoo>
