id,name,model_id/id,group_id/id,perm_read,perm_write,perm_create,perm_unlink
account_credit_control.ir_model_access_270,credit_control_manager_line,account_credit_control.model_credit_control_line,group_account_credit_control_manager,1,1,1,1
account_credit_control.ir_model_access_271,credit_control_user_line,account_credit_control.model_credit_control_line,group_account_credit_control_user,1,1,1,1
account_credit_control.ir_model_access_272,credit_control_info_line,account_credit_control.model_credit_control_line,group_account_credit_control_info,1,0,0,0
account_credit_control.ir_model_access_273,credit_control_manager_mail_template,mail.model_mail_template,group_account_credit_control_manager,1,1,1,1
account_credit_control.ir_model_access_275,credit_control_manager_mail_message,mail.model_mail_message,group_account_credit_control_manager,1,1,1,1
account_credit_control.ir_model_access_276,credit_control_user_mail_message,mail.model_mail_message,group_account_credit_control_user,1,1,1,0
account_credit_control.ir_model_access_277,credit_control_info_mail_message,mail.model_mail_message,group_account_credit_control_info,1,0,0,0
account_credit_control.ir_model_access_281,credit_control_mananger_run,account_credit_control.model_credit_control_run,group_account_credit_control_manager,1,1,1,1
account_credit_control.ir_model_access_282,credit_control_user_run,account_credit_control.model_credit_control_run,group_account_credit_control_user,1,1,1,1
account_credit_control.ir_model_access_283,credit_control_info_run,account_credit_control.model_credit_control_run,group_account_credit_control_info,1,0,0,0
account_credit_control.ir_model_access_284,credit_control_manager_policy,account_credit_control.model_credit_control_policy,group_account_credit_control_manager,1,1,1,1
account_credit_control.ir_model_access_285,credit_control_user_policy,account_credit_control.model_credit_control_policy,group_account_credit_control_user,1,0,0,0
account_credit_control.ir_model_access_286,credit_control_info_policy,account_credit_control.model_credit_control_policy,group_account_credit_control_info,1,0,0,0
account_credit_control.ir_model_access_287,credit_control_manager_level,account_credit_control.model_credit_control_policy_level,group_account_credit_control_manager,1,1,1,1
account_credit_control.ir_model_access_288,credit_control_user_level,account_credit_control.model_credit_control_policy_level,group_account_credit_control_user,1,0,0,0
account_credit_control.ir_model_access_289,credit_control_info_level,account_credit_control.model_credit_control_policy_level,group_account_credit_control_info,1,0,0,0
account_credit_control.ir_model_access_290,credit_control_fin_user_line,account_credit_control.model_credit_control_line,account.group_account_user,1,0,0,0
account_credit_control.ir_model_access_291,credit_control_fin_invoice_line,account_credit_control.model_credit_control_line,account.group_account_invoice,1,0,0,0
account_credit_control.ir_model_access_292,credit_control_fin_manager_line,account_credit_control.model_credit_control_line,account.group_account_manager,1,1,1,1
access_communication_info,credit.control.communication info,model_credit_control_communication,group_account_credit_control_info,1,0,0,0
access_communication_user,credit.control.communication user,model_credit_control_communication,group_account_credit_control_user,1,1,1,0
access_communication_manager,credit.control.communication manager,model_credit_control_communication,group_account_credit_control_manager,1,1,1,1
access_credit_control_emailer_credit_control_user,credit_control_emailer_credit_control_user,model_credit_control_emailer,group_account_credit_control_user,1,1,1,0
access_credit_control_emailer_credit_control_manager,credit_control_emailer_credit_control_manager,model_credit_control_emailer,group_account_credit_control_manager,1,1,1,0
access_credit_control_marker_credit_control_user,credit_control_marker_credit_control_user,model_credit_control_marker,group_account_credit_control_user,1,1,1,0
access_credit_control_marker_credit_control_manager,credit_control_marker_credit_control_manager,model_credit_control_marker,group_account_credit_control_manager,1,1,1,0
access_credit_control_printer_credit_control_user,credit_control_printer_credit_control_user,model_credit_control_printer,group_account_credit_control_user,1,1,1,0
access_credit_control_printer_credit_control_manager,credit_control_printer_credit_control_manager,model_credit_control_printer,group_account_credit_control_manager,1,1,1,0
access_credit_control_policy_changer_credit_control_user,credit_control_policy_changer_credit_control_user,model_credit_control_policy_changer,group_account_credit_control_user,1,1,1,0
access_credit_control_policy_changer_credit_control_manager,credit_control_policy_changer_credit_control_manager,model_credit_control_policy_changer,group_account_credit_control_manager,1,1,1,0
